Question,Source,Type,Confidence,Notes
How do I adding a 3rd VM to  Load balancer backend pool?,Community,Procedural,High,Microsoft Q&A group_count=5
What is Basic Load Balancer Migration?,Community,Conceptual,High,Microsoft Q&A group_count=4
What is Load Balancing?,Community,Conceptual,High,Microsoft Q&A group_count=3
What is Upgrade classic Load balancer to standard?,Community,Conceptual,High,Microsoft Q&A group_count=3
What is Azure Gateway Load Balancer?,Community,Conceptual,High,Microsoft Q&A group_count=3
What is I Can't create Azure Load Balancer?,Community,Procedural,Medium,Microsoft Q&A group_count=2
How do I retirement Announcement - Basic Load Balancer will be retired on 30 September 2025?,Community,Procedural,Medium,Microsoft Q&A group_count=2
What is Upgrade to Standard SKU public IP address?,Community,Procedural,Medium,Microsoft Q&A group_count=2
How do I eRR_CONNECTION_TIMED_OUT after upgrade from a basic public to standard public load balancer?,Community,Procedural,Medium,Microsoft Q&A group_count=2
How do I about Azure load balancer redundancy?,Community,Procedural,Medium,Microsoft Q&A group_count=2
What is Azure Container App without Load Balancer?,Community,Conceptual,Medium,Microsoft Q&A group_count=2
What is IP Floating?,Community,Conceptual,Medium,Microsoft Q&A group_count=2
What is Internal Load balancer DNS resolution?,Community,Conceptual,Medium,Microsoft Q&A group_count=2
What is Queries on azure load balancer?,Community,Conceptual,Medium,Microsoft Q&A group_count=2
Can we chain internal loadbalancers?,Community,Conceptual,Medium,Microsoft Q&A group_count=2
What is Load balancer traffic redirection?,Community,Conceptual,Medium,Microsoft Q&A group_count=2
What is Cross Region Load Balancer?,Community,Fact-finding,Medium,Microsoft Q&A group_count=2
How do I azure Private load balancer to Https web sites?,Community,Procedural,Medium,Microsoft Q&A group_count=2
How does the Load Balancer work with IPv6?,Community,Conceptual,Medium,Microsoft Q&A group_count=2
How do I resolve: Unable to add new VM to LoadBalancer?,Community,Procedural,Medium,Microsoft Q&A group_count=2
What is Load Balancing On Premises VMs into Azure?,Community,Conceptual,Medium,Microsoft Q&A group_count=2
What is Load balancers health probe?,Community,Conceptual,Medium,Microsoft Q&A group_count=2
What is Load balancers on Availability set?,Community,Fact-finding,Medium,Microsoft Q&A group_count=2
How do I resolve: deployment failure while adding VM instance to backend pools?,Community,Troubleshooting,Medium,Microsoft Q&A group_count=2
How do I aKS service with load balancer type is generating the IP but not able to access the service?,Community,Procedural,Medium,Microsoft Q&A group_count=2
How do I ingress hostname to use different domain than the .westeurope.cloudapp.azure.com?,Community,Procedural,Medium,Microsoft Q&A group_count=1
How do I no more internet access on virtual machines?,Community,Procedural,Medium,Microsoft Q&A group_count=1
How do I resolve: Cannot create VipAvailability metric over my AKS load balancer?,Community,Procedural,Medium,Microsoft Q&A group_count=1
What is Load Balancer Degraded for 3 days?,Community,Conceptual,Medium,Microsoft Q&A group_count=1
Can I use Azure GWLB solution with NVA for the Internet Outbound Traffic?,Community,Conceptual,Medium,Microsoft Q&A group_count=1
How do I load balancer of a unknow subscription using our vnet - cant delete?,Community,Procedural,Medium,Microsoft Q&A group_count=1
How do I resolve: Issue with Load Balancer of Front door being deleted and recover?,Community,Troubleshooting,Medium,Microsoft Q&A group_count=1
How do I can't access a newly created load balancer in my vnet to delete it?,Community,Procedural,Medium,Microsoft Q&A group_count=1
How do I resolve: Cannot delete PublicIP because it is associated to vpngwLoadBalancer managed by Azure?,Community,Procedural,Medium,Microsoft Q&A group_count=1
How do I standard Load Balancer throttling outbound response throughput to ~25 KB/s for external clients (East US 2)?,Community,Procedural,Medium,Microsoft Q&A group_count=1
How to delete a left over load balancer in Azure?,Community,Procedural,Medium,Microsoft Q&A group_count=1
How do I virtual machine server published with custom ports is not reachable from internet?,Community,Procedural,Medium,Microsoft Q&A group_count=1
How do I resolve: Azure Load Balancer: SourceIP Session Persistence Not Working Across Multiple Ports for FTP Passive Mode?,Community,Troubleshooting,Medium,Microsoft Q&A group_count=1
"How do I resolve: VM is working, health check is Ok but getting 502 on the URL, there are 4 VMs only 1 is working fine?",Community,Troubleshooting,Medium,Microsoft Q&A group_count=1
How do I resolve: Unable to update the Public IP on NAT rules for an existing LoadBalancer?,Community,Procedural,Medium,Microsoft Q&A group_count=1
How do I urgent need to delete the resource group that is generating costs?,Community,Procedural,Medium,Microsoft Q&A group_count=1
How can I preserve or use the Azure Internal Load Balancer frontend IP for outbound or return traffic from its backend VMs?,Community,Conceptual,Medium,Microsoft Q&A group_count=1
How do I resolve: Failed to distribute content to CMG from SCCM?,Community,Troubleshooting,Medium,Microsoft Q&A group_count=1
How do I aPIM not able to connect to Load Balancer even though they all are on the Public IP?,Community,Procedural,Medium,Microsoft Q&A group_count=1
What is Range of ports to be open?,Community,Conceptual,Medium,Microsoft Q&A group_count=1
What is Load balancer status is Degraded (Unplanned)?,Community,Conceptual,Medium,Microsoft Q&A group_count=1
Azure load balancer & F5 load balancer are same ?,Community,Conceptual,Medium,Microsoft Q&A group_count=1
What is Taffic flow through public Load balancer?,Community,Conceptual,Medium,Microsoft Q&A group_count=1
"How do I azure LoadBalancer port 443 timing out for YARP service, while 8080 and /health endpoint work fine?",Community,Procedural,Medium,Microsoft Q&A group_count=1
How do I azure Public load balancer packet forwarding to NVA or performing any kind of Source NAT or D-NAT?,Community,Procedural,Medium,Microsoft Q&A group_count=1
How do I azure Basic Load Balancer will be retired on 30 September 2025âupgrade to Standard Load Balancer?,Community,Procedural,Medium,Microsoft Q&A group_count=1
How do I need to upgrade the load balancer from Basic SKU to Standard SKU in azure portal kindly share me the steps to do it?,Community,Procedural,Medium,Microsoft Q&A group_count=1
How to recover failed upgrade of basic LBs with shared backend pools?,Community,Troubleshooting,Medium,Microsoft Q&A group_count=1
How do I azure ADDS Inbound NAT Rule upgrade in Load Balancer?,Community,Procedural,Medium,Microsoft Q&A group_count=1
What is Extend Basic Load Balancer by one week?,Community,Conceptual,Medium,Microsoft Q&A group_count=1
How do I basic SKU Load balancers and Public IP address associated with VM?,Community,Procedural,Medium,Microsoft Q&A group_count=1
How do I upgrading Basic Loadbalancers with VMs with and without PIP?,Community,Procedural,Medium,Microsoft Q&A group_count=1
How do I redirect incomming traffic on Azure LB and F5 Big IP?,Community,Procedural,Medium,Microsoft Q&A group_count=1
"How do I please upgrade the Azure public IP addresses from Basic SKU to Standard SKU by September 30, 2025?",Community,Procedural,Medium,Microsoft Q&A group_count=1
How do I at what scope/s Network Contributor Role is needed to add backend vms to a Load Balancer?,Community,Procedural,Medium,Microsoft Q&A group_count=1
How to fix this health probe should send 200 OK result in LB backend health status?,Community,Procedural,Medium,Microsoft Q&A group_count=1
How do I basic SKU IP Address for classic load balancer migration process?,Community,Procedural,Medium,Microsoft Q&A group_count=1
How to access both VM and blob storage account securely without using Public IPs from the internet?,Community,Procedural,Medium,Microsoft Q&A group_count=1
How do I impact of Basic Load Balancer and Public IP Retirement?,Community,Procedural,Medium,Microsoft Q&A group_count=1
will my Azure load balancer on basic sku stop working on 09/30/2025?,Community,Conceptual,Medium,Microsoft Q&A group_count=1
What is Azure Load Balancer not following outbound rules?,Community,Conceptual,Medium,Microsoft Q&A group_count=1
How do I azure Public Load Balancer to Private Container Apps via UDP MQTT protocol?,Community,Procedural,Medium,Microsoft Q&A group_count=1
What is Firewall NAT 1:1 for inbound and outbound?,Community,Conceptual,Medium,Microsoft Q&A group_count=1
AKS public LB NSG rule: can we restrict to LB IP? Why do we need a broad manual allow?,Community,Conceptual,Medium,Microsoft Q&A group_count=1
What is Outbound traffic via GWLB?,Community,Conceptual,Medium,Microsoft Q&A group_count=1
What is About AzureLB Deployment?,Community,Procedural,Medium,Microsoft Q&A group_count=1
can not delete load balancer?,Community,Conceptual,Medium,Microsoft Q&A group_count=1
How do I aCI not supported by Azure Load Balancer in the backend Pool?,Community,Procedural,Medium,Microsoft Q&A group_count=1
How do I resolve: Problem with LB upon upgrade to Standard from Basic?,Community,Procedural,Medium,Microsoft Q&A group_count=1
How to configure and troubleshoot Azure load balancer?,Community,Procedural,Medium,Microsoft Q&A group_count=1
How do I firewall and Load Balancer using a GWLB (2 NVAs)?,Community,Procedural,Medium,Microsoft Q&A group_count=1
How do I resolve: Cannot access my services after upgrade from basic to standard load balancer via PowerShell?,Community,Procedural,Medium,Microsoft Q&A group_count=1
What is Azure Public LB traffic flow?,Community,Conceptual,Medium,Microsoft Q&A group_count=1
What is the recommended load balancing strategy for Azure Container Apps handling image-based workflows with regional failover?,Community,Troubleshooting,Medium,Microsoft Q&A group_count=1
Can I add VMs in Standard Availability Set to the backend pool of the Load Balancer in Basic SKU?,Community,Procedural,Medium,Microsoft Q&A group_count=1
How do I best Load Balancer Option for Container Apps with Autoscaling?,Community,Procedural,Medium,Microsoft Q&A group_count=1
How do I azure Load Balancer Set traffic priority for VM1?,Community,Procedural,Medium,Microsoft Q&A group_count=1
What is Basic SKU load balancer migration backout plan?,Community,Conceptual,Medium,Microsoft Q&A group_count=1
How can I Integrate Azure Firewall with Azure Standard Load Balancer for Enhanced Security and Traffic Visibility?,Community,Conceptual,Medium,Microsoft Q&A group_count=1
How do I upgrade existing LCS / D365 machines to Standard Public IP SKUs?,Community,Procedural,Medium,Microsoft Q&A group_count=1
How do I replacing public IP with hostname for sites which configured using load balancer?,Community,Procedural,Medium,Microsoft Q&A group_count=1
How do I request always going to second server in load balancer?,Community,Procedural,Medium,Microsoft Q&A group_count=1
How to put multiple VMs behind a single private IP address on Azure?,Community,Procedural,Medium,Microsoft Q&A group_count=1
How do I best Minimal Setup to Simulate Load Balancing in Test Environment?,Community,Procedural,Medium,Microsoft Q&A group_count=1
Why do I see down time required message when I am just validating the Azure Basic LB & not performing the actual Az Basic LB upgrade?,Community,Conceptual,Medium,Microsoft Q&A group_count=1
How do I i have created Cross over region Load balancer?,Community,Procedural,Medium,Microsoft Q&A group_count=1
"How do I updating Basic Public IP, Basic Load Balancer attached to Classic Cloud Service?",Community,Procedural,Medium,Microsoft Q&A group_count=1
What is Load balancer degraded health?,Community,Conceptual,Medium,Microsoft Q&A group_count=1
Must the Gateway Load Balancer Frontend IP be in its own subnet?,Community,Conceptual,Medium,Microsoft Q&A group_count=1
What is explanation of this part - load balancer?,Community,Conceptual,Medium,Microsoft Q&A group_count=1
How do I resolve: i have a connectivity issue with CDN?,Community,Troubleshooting,Medium,Microsoft Q&A group_count=1
How do I resolve: Cannot connect to a https backend while a load test is running?,Community,Troubleshooting,Medium,Microsoft Q&A group_count=1
How do I configure Azure to allow inbound traffic to only one port by IP address and the rest to domain name?,Community,Procedural,Medium,Microsoft Q&A group_count=1
How do I migrated to Standard Load Balancer - No Internet Access?,Community,Procedural,Medium,Microsoft Q&A group_count=1
How do I i would like to know if there was a maintenance activity on one of my Azure Load Balancers at a certain time?,Community,Procedural,Medium,Microsoft Q&A group_count=1
How do I public Load balancer Not Passing Traffic To Firewalls For Ports tcp8443 And tcp21?,Community,Procedural,Medium,Microsoft Q&A group_count=1
where is a azure loadbalancer's zone?,Community,Conceptual,Medium,Microsoft Q&A group_count=1
where is the zone of public load balancer?,Community,Conceptual,Medium,Microsoft Q&A group_count=1
How do I resolve: Loadbalancer fails to delete?,Community,Troubleshooting,Medium,Microsoft Q&A group_count=1
How do I traffic Forwarding from one VM to another VM in Azure?,Community,Procedural,Medium,Microsoft Q&A group_count=1
How do I load Balancer and Public IP Upgrade from Basic to Standard - With Fabric Cluster?,Community,Procedural,Medium,Microsoft Q&A group_count=1
How do I basic LoadBalancer Upgrade - no outbound rule created?,Community,Procedural,Medium,Microsoft Q&A group_count=1
How do I disable Cipher Suite in Server 2022 but still active?,Community,Procedural,Medium,Microsoft Q&A group_count=1
How many public IP addresses can be attached to a FortiGate NVA deployed in Azure VWAN?,Community,Procedural,Medium,Microsoft Q&A group_count=1
How do I action required: End of Support for Microsoft Azure Load Balancer property NumberOfProbes?,Community,Procedural,Medium,Microsoft Q&A group_count=1
How do I resolve: Issue Creating Private Endpoint with Azure Application Gateway's Private Link Enabled?,Community,Troubleshooting,Medium,Microsoft Q&A group_count=1
Will a public load balancer with a public IPv4 address without an outbound rule have outbound connectivity once default outbound access goes away?,Community,Procedural,Medium,Microsoft Q&A group_count=1
How do I resolve: Facing Issues with Mutual TLS Configuration for Specific Routes in Azure Application Gateway?,Community,Troubleshooting,Medium,Microsoft Q&A group_count=1
How do I best Approach to Block Incoming Traffic During Initial Cache Loading in Azure VMSS?,Community,Procedural,Medium,Microsoft Q&A group_count=1
How do I resolve: 'AzureBasicLoadBalancerUpgrade' module fails with null error?,Community,Troubleshooting,Medium,Microsoft Q&A group_count=1
How do I need help on Azure LoadBalancer to extract frontend to backend servers mapping?,Community,Procedural,Medium,Microsoft Q&A group_count=1
How do I connect to a service on an VM in backend-pool behind a load balancer through Private Link Service?,Community,Procedural,Medium,Microsoft Q&A group_count=1
How do I deleting a Load Balancer and Public IP Address?,Community,Procedural,Medium,Microsoft Q&A group_count=1
What is Azure LoadBalancer blocks a local vnet connections?,Community,Conceptual,Medium,Microsoft Q&A group_count=1
What happens to Basic Azure Load Balancers after September 2025?,Community,Conceptual,Medium,Microsoft Q&A group_count=1
How do I aKS public load balancer health probes and load balancing rules with a internal load balancer in use?,Community,Procedural,Medium,Microsoft Q&A group_count=1
Can a backend pool VM connect to it's load balancer URL?,Community,Conceptual,Medium,Microsoft Q&A group_count=1
How do I load Balancer Behavior and Inbound Port Rules in Azure?,Community,Procedural,Medium,Microsoft Q&A group_count=1
Do i need azure VM for azure load balancer?,Community,Conceptual,Medium,Microsoft Q&A group_count=1
How do I resolve: Increase Application Gateway Load balancer gateway timeout?,Community,Troubleshooting,Medium,Microsoft Q&A group_count=1
How do I resolve: Failed to add NIC in Load Balancer due to DifferentSkuLoadBalancersAndPublicIPAddressNotAllowed error?,Community,Troubleshooting,Medium,Microsoft Q&A group_count=1
What is Missing connectivity behind by a Load Balancer?,Community,Conceptual,Medium,Microsoft Q&A group_count=1
How do I troubleshooting Bad Requests Through a Private Endpoint Connected to a Load Balancer?,Community,Procedural,Medium,Microsoft Q&A group_count=1
"How can I configure an Azure Load Balancer to route traffic based on URL path?""?",Community,Procedural,Medium,Microsoft Q&A group_count=1
How do I resolve: Unable to delete Public IP address & virtual network subnet due to linkage with resource I can't access?,Community,Procedural,Medium,Microsoft Q&A group_count=1
How do I resolve: NetworkingInternalOperationError on new VM w/Load Balancer?,Community,Troubleshooting,Medium,Microsoft Q&A group_count=1
how to monitor azure internal load balancer correctly balancing the traffic between VM?,Community,Procedural,Medium,Microsoft Q&A group_count=1
"How do I this is regarding the service health related to ""Upgrade to Azure Standard Load Balancer by 30 September 2025""?",Community,Procedural,Medium,Microsoft Q&A group_count=1
"How do I the azure loadbalancer health probe shows a warning, how to get rid of the warning?",Community,Procedural,Medium,Microsoft Q&A group_count=1
What is courses#badges?,Community,Conceptual,Medium,Microsoft Q&A group_count=1
How do I upgrade basic load balancer without deleting Basic LB?,Community,Procedural,Medium,Microsoft Q&A group_count=1
Error 'VM is another Availability set' when trying to add new standalone VM in the backed pool of external LB which already has a standalone VM?,Community,Troubleshooting,Medium,Microsoft Q&A group_count=1
How do I vM Scale Sets Behind Load Balancer Not Reachable?,Community,Procedural,Medium,Microsoft Q&A group_count=1
How do I any costs to a Standard Load Balancer if the VMs are shutting down?,Community,Procedural,Medium,Microsoft Q&A group_count=1
How do I retirement notice: Azure Load Balancer Inbound NAT rule V1 for Azure VMs and Azure VMSS will be retired?,Community,Procedural,Medium,Microsoft Q&A group_count=1
How do I tell me more about NumberOfProbes in Azure Load Balancer?,Community,Procedural,Medium,Microsoft Q&A group_count=1
What is Application Gateway VS Azure Front Door?,Community,Decision-making,Medium,Microsoft Q&A group_count=1
How to decommission an old Root CA and Issuing CA after the new ones are already in live?,Community,Procedural,Medium,Microsoft Q&A group_count=1
How do I resolve: Unable to delete Loadbalancer beceause it is being used by an already deleted VMSS?,Community,Procedural,Medium,Microsoft Q&A group_count=1
"How do I hello, working on exposing am internal load balancer through an app gw v2. My listener continues to default to the wrong certificate, so when I open the host name on the browser it depicts the wrong certificate?",Community,Procedural,Medium,Microsoft Q&A group_count=1
Can the Azure Load Balancer utilize the x-forwarded-for header?,Community,Conceptual,Medium,Microsoft Q&A group_count=1
How do I going with the application gateway in fornt of azure firewall does it lose the benefit of l7 load balancing?,Community,Procedural,Medium,Microsoft Q&A group_count=1
How do I resolve: Unable to send a SIP request from SBC via express route?,Community,Procedural,Medium,Microsoft Q&A group_count=1
Does Azure loadbalancer support proxy protocol?,Community,Conceptual,Medium,Microsoft Q&A group_count=1
How do I internal Load Balancing solutions for Azure Cross region environment?,Community,Procedural,Medium,Microsoft Q&A group_count=1
How do I azure Application Gateway to AKS internal load balancer using native Kubernetes NGINX controller?,Community,Procedural,Medium,Microsoft Q&A group_count=1
does load balancer probes over TCP probe sends any data?,Community,Conceptual,Medium,Microsoft Q&A group_count=1
What is Inefficient load balancing from NATed network?,Community,Conceptual,Medium,Microsoft Q&A group_count=1
How do I azure Internal Load Balancer is not distributing the load evenly?,Community,Procedural,Medium,Microsoft Q&A group_count=1
What is Load balancer Intermittent connection?,Community,Conceptual,Medium,Microsoft Q&A group_count=1
Does Azure server allow spoofing source IP of UDP packet?,Community,Conceptual,Medium,Microsoft Q&A group_count=1
How do I azure Load Balancer Won't Pass Traffic to VM?,Community,Procedural,Medium,Microsoft Q&A group_count=1
How do I palo VM firewall drop packets behind Azure load balancer?,Community,Procedural,Medium,Microsoft Q&A group_count=1
how to fix if internal load balancer suddently went for degraded state on Azure?,Community,Procedural,Medium,Microsoft Q&A group_count=1
What is High latency on Application Gateway?,Community,Conceptual,Medium,Microsoft Q&A group_count=1
How do I resolve: Azure load balancer to NVA asymmetric traffic issue?,Community,Troubleshooting,Medium,Microsoft Q&A group_count=1
How to update Load Balancer Backend pool Nic in batch?,Community,Procedural,Medium,Microsoft Q&A group_count=1
What is Data path availabilitymetric missing?,Community,Fact-finding,Medium,Microsoft Q&A group_count=1
When should I have multiple backend pools for a load balancer?,Community,Decision-making,Medium,Microsoft Q&A group_count=1
How do I resolve: Cannot delete a Public IP that has no resources associated with?,Community,Procedural,Medium,Microsoft Q&A group_count=1
"How do I since we ahve primary data center (DC) is already connected to Azure via ExpressRoute, options for connecting your on-premises DR datacenter to Azure?",Community,Procedural,Medium,Microsoft Q&A group_count=1
How do I load Balancing of requests coming from a single client?,Community,Procedural,Medium,Microsoft Q&A group_count=1
Does NSG apply to load balancer frontend IP?,Community,Conceptual,Medium,Microsoft Q&A group_count=1
How do I azure LoadBalancer ( ILB / PLB ) Flow Log?,Community,Procedural,Medium,Microsoft Q&A group_count=1
How do I resolve: Azure Loadbalancer Failover Sessions not handed over?,Community,Troubleshooting,Medium,Microsoft Q&A group_count=1
How do I resolve: Unable to connect to Azure App (fqdn) using Cloud Flare to resolve the hostname using a NGINX to resolve the access to Application?,Community,Procedural,Medium,Microsoft Q&A group_count=1
What Authentication solution would you suggest in this scenario?,Community,Conceptual,Medium,Microsoft Q&A group_count=1
Why ALB (App Gateway V2) with affinity session enabled won't work with NTLM?,Community,Procedural,Medium,Microsoft Q&A group_count=1
Does a public load balancer on Azure enforce any limits regarding big traffic spikes?,Community,Conceptual,Medium,Microsoft Q&A group_count=1
How do I resolve: Change Public IP of Cloud Service Extended support from Dynamic to static Fails?,Community,Troubleshooting,Medium,Microsoft Q&A group_count=1
How do I resolve: Azure Load Balancer Session Handover not working?,Community,Troubleshooting,Medium,Microsoft Q&A group_count=1
How do I paraameterising the looad balancer for backend pool in the azure?,Community,Procedural,Medium,Microsoft Q&A group_count=1
What is delete aks Loadbalancer not possible?,Community,Conceptual,Medium,Microsoft Q&A group_count=1
Can Basic Load Balancer be updated by arm template after 31 March 2025?,Community,Procedural,Medium,Microsoft Q&A group_count=1
How do I resolve: Azure Data Factory - Pipeline always fails at the second connection to On-Premise data source?,Community,Troubleshooting,Medium,Microsoft Q&A group_count=1
What is FortiGate with public IP?,Community,Conceptual,Medium,Microsoft Q&A group_count=1
How do I test outbound connectivity through all ips in an aks loadbalancer outbound rule?,Community,Procedural,Medium,Microsoft Q&A group_count=1
Will changing the idle time value (default 4 minutes) on the ELB impact existing sessions?,Community,Conceptual,Medium,Microsoft Q&A group_count=1
What is Azure InterfaceEndpoint Routes Bypassing Palo Alto Firewall?,Community,Conceptual,Medium,Microsoft Q&A group_count=1
"To add a backend pool and health probe to loadbalancer, which role is needed?",Community,Procedural,Medium,Microsoft Q&A group_count=1
Is assigning a static public IP address only possible on initial deployment of Cloud Service (Extended Support)?,Community,Procedural,Medium,Microsoft Q&A group_count=1
Does azure load balancer support websockets?,Community,Conceptual,Medium,Microsoft Q&A group_count=1
How do I resolve: I am setting up an application using kubernetes pod and creating and Internal Loadbalancer service. When I try to access the application using service I am not facing any issue but when I use front door I am facing intermittent 404 issue?,Community,Troubleshooting,Medium,Microsoft Q&A group_count=1
What is Azure Load Balancer?,Community,Conceptual,Medium,Microsoft Q&A group_count=1
How do I rest API returns empty response for GlobalBackendAvailability indicators?,Community,Procedural,Medium,Microsoft Q&A group_count=1
How do I connect load balancer to container instance inside a vertual network?,Community,Procedural,Medium,Microsoft Q&A group_count=1
"Insights of Load Balancer passive endpoint is Unhealthy, is it normal?",Community,Conceptual,Medium,Microsoft Q&A group_count=1
How do I alternative to Application Gateway allowing backend pool SSL certificates to be ignored?,Community,Procedural,Medium,Microsoft Q&A group_count=1
How do I virtual Servers are unreachable if associated Gateway Load Balancer backend has no healthy NVAs?,Community,Procedural,Medium,Microsoft Q&A group_count=1
How do I zone replication of a VM - how to configure?,Community,Procedural,Medium,Microsoft Q&A group_count=1
What is Internal Load Balancer allowing internet traffic?,Community,Conceptual,Medium,Microsoft Q&A group_count=1
"How can I configure a standard Load Balancer that has two Linux Machine behind it in the backend pool, such that traffic only goes to node B when node A is down?",Community,Procedural,Medium,Microsoft Q&A group_count=1
How do I seeing the Current active connections per backend endpoint on Load Balancer?,Community,Procedural,Medium,Microsoft Q&A group_count=1
Is it possible to inject a custom request header in the request header of my service using Application Gateway Rewrites?,Community,Conceptual,Medium,Microsoft Q&A group_count=1
What is circular dependency?,Community,Conceptual,Medium,Microsoft Q&A group_count=1
How do I loadbalancer health alerts not raising even after reach Threshold limit?,Community,Procedural,Medium,Microsoft Q&A group_count=1
How do I azure  Gateway Loadbalancer support East-to-West traffic inspection with third party NAV?,Community,Procedural,Medium,Microsoft Q&A group_count=1
How to upgrade Integrated Basic Load balancer in Service Fabric?,Community,Procedural,Medium,Microsoft Q&A group_count=1
How do I two VM's network interfaces added to two load balancer backend pools?,Community,Procedural,Medium,Microsoft Q&A group_count=1
"How do I resolve: Azure powershell Error: GenericArguments[0], 'Microsoft.Azure.Management.Compute.Models.VirtualMachine', on 'T MaxInteger[T](System.Collections.Generic.IEnumerable`1[T])' violates the constraint of type 'T'?",Community,Troubleshooting,Medium,Microsoft Q&A group_count=1
Which service to use for dynamically rotating IP-Addresses?,Community,Procedural,Medium,Microsoft Q&A group_count=1
How do I resolve: Having issue with SSL certificate configuration?,Community,Troubleshooting,Medium,Microsoft Q&A group_count=1
Where does Azure Firewall send TCP RST packets during Virtual Machine Scale Set scale in (scale down)?,Community,Conceptual,Medium,Microsoft Q&A group_count=1
Why I need to create a rule for 443 for NSG to load balancer?,Community,Procedural,Medium,Microsoft Q&A group_count=1
How do I resolve: Deployment template validation failed: 'Circular dependency detected'?,Community,Troubleshooting,Medium,Microsoft Q&A group_count=1
What is Byte Count metrics clarification on private LB?,Community,Conceptual,Medium,Microsoft Q&A group_count=1
How to do VNet peering's among the multiple  S2S VPN connection?,Community,Procedural,Medium,Microsoft Q&A group_count=1
Azure Load Balancer Floating IP option - why do packets at backend guest show as translated?,Community,Fact-finding,Medium,Microsoft Q&A group_count=1
Prevent SNAT port exhaustion in AKS standard load balancer?,Community,Conceptual,Medium,Microsoft Q&A group_count=1
How do I az Powershell add VMs to a backend pool?,Community,Procedural,Medium,Microsoft Q&A group_count=1
How do I loadbalancer alerts not rasing in Azure alerts portal?,Community,Procedural,Medium,Microsoft Q&A group_count=1
How do I hA coTURN stack setup or ACS in Azure?,Community,Procedural,Medium,Microsoft Q&A group_count=1
How do I resolve: mTLS with Azure Load Balancer not working?,Community,Troubleshooting,Medium,Microsoft Q&A group_count=1
How to add a load balancer on an azure container app?,Community,Procedural,Medium,Microsoft Q&A group_count=1
Does Azure Load balancer supports the FTPS (All TCP ports) traffic?,Community,Conceptual,Medium,Microsoft Q&A group_count=1
How do I azure Network Security Group don't Apply to an Internal Load Balancer?,Community,Procedural,Medium,Microsoft Q&A group_count=1
How do I connection reset by azure every 80k bytes received?,Community,Procedural,Medium,Microsoft Q&A group_count=1
Is it possible to simulate Zone Outage?,Community,Conceptual,Medium,Microsoft Q&A group_count=1
What is Uptime per proposed HA-Solution?,Community,Conceptual,Medium,Microsoft Q&A group_count=1
What is Internet access for Load Balancer?,Community,Conceptual,Medium,Microsoft Q&A group_count=1
How do I resolve: External Load Balancer - Single Point of Failure?,Community,Troubleshooting,Medium,Microsoft Q&A group_count=1
How do I public IP Address linked to load balancer I didn't create?,Community,Procedural,Medium,Microsoft Q&A group_count=1
Basic load balancer vs Standard load balancer?,Community,Decision-making,Medium,Microsoft Q&A group_count=1
How do I i have an internal Load balancer and I want to reach the front end IP from a S2S VPN tunnel?,Community,Procedural,Medium,Microsoft Q&A group_count=1
"How do I azure application Gateway, Load balancer, palo alto, Azure red hat openshift?",Community,Procedural,Medium,Microsoft Q&A group_count=1
How do I vitual Network drop-down not showing vnets list quickly in load balancer backend pool section?,Community,Procedural,Medium,Microsoft Q&A group_count=1
How to enable cloud service exended support  load balancing rule Session persistence?,Community,Procedural,Medium,Microsoft Q&A group_count=1
"How do I resolve: error :The frontend, protocol and port combination you entered matches another rule used by this load balancer. The frontend, protocol and port combination of each load balancing rule and inbound NAT rule on a load balancer must be unique?",Community,Troubleshooting,Medium,Microsoft Q&A group_count=1
How do I resolve: Unable to connect to public IP address on Load Balancer?,Community,Procedural,Medium,Microsoft Q&A group_count=1
How do I i'm trying to route traffic from a kubernetes cluster through a fortigate firewall?,Community,Procedural,Medium,Microsoft Q&A group_count=1
Remove a node from a backend pool using the adminState property ?,Community,Procedural,Medium,Microsoft Q&A group_count=1
Why Azure create Load balancer while Creating AKS cluster?,Community,Procedural,Medium,Microsoft Q&A group_count=1
Can NVA be placed behind Azure load balancer and Load balancer Frontend IP can be used to exchange bgp routes?,Community,Procedural,Medium,Microsoft Q&A group_count=1
"How do I can't access Frontend IP of load balancer externally and diagnostics says ports 80,30025,and40025 are being blocked but no block is in place?",Community,Procedural,Medium,Microsoft Q&A group_count=1
How do I need help in setting up Public SIP trunk traffic to Azure?,Community,Procedural,Medium,Microsoft Q&A group_count=1
How to shutdown or suspend standard load balancer when not in use?,Community,Procedural,Medium,Microsoft Q&A group_count=1
Would it be possible to use a load balancer for multiple Form Recognizers?,Community,Conceptual,Medium,Microsoft Q&A group_count=1
What is Connectivity for App to reduce NW delay?,Community,Conceptual,Medium,Microsoft Q&A group_count=1
What is Disaster recovery strategy for application gateway/load balancer?,Community,Conceptual,Medium,Microsoft Q&A group_count=1
Can we monitor the load balancer is functioning?,Community,Conceptual,Medium,Microsoft Q&A group_count=1
If I remove a vm (that is currently off) will the load balancer keep working sending all traffic to the other server?,Community,Procedural,Medium,Microsoft Q&A group_count=1
How do I i am not able to connect to the web admin page of my palo alto NVA from outside of Azure?,Community,Procedural,Medium,Microsoft Q&A group_count=1
"How do I public Load Balancer, Network Security Group, filter by source IP does not work?",Community,Procedural,Medium,Microsoft Q&A group_count=1
What is Active / Passive with Azure Load Balancer?,Community,Conceptual,Medium,Microsoft Q&A group_count=1
What is Passing traffic through Application Gateway without NAT?,Community,Conceptual,Medium,Microsoft Q&A group_count=1
What is Load balancing internal traffic cross region?,Community,Fact-finding,Medium,Microsoft Q&A group_count=1
"How do I resolve: Unable to delete kubernetes loadbalancer, aksOutboundBackendPool are in use by virtual machine scale set?",Community,Procedural,Medium,Microsoft Q&A group_count=1
How do I application Gateway Merge?,Community,Procedural,Medium,Microsoft Q&A group_count=1
"How to solve LB issue with error code "" SubscriptionNotRegisteredForFeature"" (SLBAllowAdminStateChangeForConnectionDraining)?",Community,Troubleshooting,Medium,Microsoft Q&A group_count=1
How do I priority-based inbound traffic rule on private Azure load balancer?,Community,Procedural,Medium,Microsoft Q&A group_count=1
Best way to implement a Load Balancer for an existing VM running a web-application where users uploading files?,Community,Conceptual,Medium,Microsoft Q&A group_count=1
How do I resolve: Azure Premium Frontdoor linked to internal Load Balancer in front of Azure VM in private subnets not working?,Community,Troubleshooting,Medium,Microsoft Q&A group_count=1
What is track one connection in Azure Loadbalancer?,Community,Conceptual,Medium,Microsoft Q&A group_count=1
AKSë¡ backend container imageë¥¼ deploy ë° serviceë¡ loadbalancerë¥¼ íì©íìëë° ì external ipë¡ ì ìì´ ìë ê¹?,Community,Procedural,Medium,Microsoft Q&A group_count=1
How do I resolve: Idle Timeout of Load Balancing Rules belonging to Standard SKU Load balancer linked to Kubernetes Cluster getting reset to default 4 minutes even after getting updated?,Community,Troubleshooting,Medium,Microsoft Q&A group_count=1
"How do I nVA firewalls in availability set, how to prefer one over the other for outbound traffic?",Community,Procedural,Medium,Microsoft Q&A group_count=1
What is Azure Container Instance TCP connection interrupts?,Community,Conceptual,Medium,Microsoft Q&A group_count=1
Why automatically public ip is created to private aks cluster?,Community,Procedural,Medium,Microsoft Q&A group_count=1
What is view azure Load balancer inbound/outbound connections?,Community,Conceptual,Medium,Microsoft Q&A group_count=1
is Graceful scale in possible in scale sets using azure load balancer?,Community,Conceptual,Medium,Microsoft Q&A group_count=1
What is Load Balancer Backend Memebrs Health Status?,Community,Conceptual,Medium,Microsoft Q&A group_count=1
What is Azure Firewall Load Balancer?,Community,Conceptual,Medium,Microsoft Q&A group_count=1
How do I traffic Manager on status degraded app go down?,Community,Procedural,Medium,Microsoft Q&A group_count=1
What is AKS Service mixes externalTrafficPolicy?,Community,Conceptual,Medium,Microsoft Q&A group_count=1
How do I nIC/virtual machine backend pool member in load balancer?,Community,Procedural,Medium,Microsoft Q&A group_count=1
How do I resolve: Azure front door not working with. private link service created by internal load balancer?,Community,Troubleshooting,Medium,Microsoft Q&A group_count=1
How do I inbound connection stopped (website not accessible outside) after Firewall attachment to Subnet?,Community,Procedural,Medium,Microsoft Q&A group_count=1
Can I disable idle timeouts in Azure's iLB (Internal Load Balancer)?,Community,Troubleshooting,Medium,Microsoft Q&A group_count=1
How do I azure Load Balancer - review / change routing preference?,Community,Procedural,Medium,Microsoft Q&A group_count=1
How do I internal Load Balancer is doing asymmetric routing?,Community,Procedural,Medium,Microsoft Q&A group_count=1
Does adding more IP in Standard load balancer increase SNAT ports in AKS VMSS?,Community,Procedural,Medium,Microsoft Q&A group_count=1
Any possibility that Azure can change the SNAT ip in managed Standard Load balancer?,Community,Procedural,Medium,Microsoft Q&A group_count=1
Does public ip created automatically by azure with standard sku AKS adds any cost?,Community,Procedural,Medium,Microsoft Q&A group_count=1
How do I resolve: Remove-AzLoadBalancerFrontendIpConfig doesn't work?,Community,Procedural,Medium,Microsoft Q&A group_count=1
How do I requesting clarification on Baseline architecture for an AKS cluster?,Community,Procedural,Medium,Microsoft Q&A group_count=1
Can we forcefully keep one specific ip address for Internal load balancer?,Community,Procedural,Medium,Microsoft Q&A group_count=1
What is Azure Load balancer logs -Diagnostic settings?,Community,Conceptual,Medium,Microsoft Q&A group_count=1
How do I inquiry about Migrating From Load Balancer SNAT to Nat Gateway?,Community,Procedural,Medium,Microsoft Q&A group_count=1
How do I hi We have moved from Az Ext.LB to Az AGW?,Community,Procedural,Medium,Microsoft Q&A group_count=1
How do I set network preference to use ISP when I send and receive data from Azure VM?,Community,Procedural,Medium,Microsoft Q&A group_count=1
How to configure internal load balancer in Cloud Service Extended Support using bicep code?,Community,Procedural,Medium,Microsoft Q&A group_count=1
"If I am using a load balancer with two Linux VMs, how can you set up a cronjob?",Community,Procedural,Medium,Microsoft Q&A group_count=1
How do I resolve: Issue with Cisco FTDv with Azure Gateway Load Balancer?,Community,Troubleshooting,Medium,Microsoft Q&A group_count=1
Should we delete the public IPs from VM in the backend pool of an internal LB?,Community,Conceptual,Medium,Microsoft Q&A group_count=1
What is Azure Internal Load Balancer support for SCTP?,Community,Conceptual,Medium,Microsoft Q&A group_count=1
What is Floating IP enabled on Load Balancer?,Community,Procedural,Medium,Microsoft Q&A group_count=1
are availability sets required for azure LB skus: basic and standard?,Community,Fact-finding,Medium,Microsoft Q&A group_count=1
Internet access on vms in Internal Load Balancer pool?,Community,Conceptual,Medium,Microsoft Q&A group_count=1
How do I public Load Balancer - Not able to take RDP for a VM?,Community,Procedural,Medium,Microsoft Q&A group_count=1
How do I resolve: I am unable to ping my Loadbalancer's public IP Address?,Community,Procedural,Medium,Microsoft Q&A group_count=1
How do I setup VMSS to work with Total Sessions as a metric trigger?,Community,Procedural,Medium,Microsoft Q&A group_count=1
"How do I resolve: Azure Load Balancer , Time Mismatch issues?",Community,Troubleshooting,Medium,Microsoft Q&A group_count=1
How do I ms azure load balacer(L4) and application gateway(L7) threshold?,Community,Procedural,Medium,Microsoft Q&A group_count=1
How do I resolve: Issues relating to standard internal Load Balancer?,Community,Troubleshooting,Medium,Microsoft Q&A group_count=1
I have two Internal Standard LB with the same configuration (Dev and Prod) but only one has outbound connectivity and the other is not working. Why is it happening?,Community,Troubleshooting,Medium,Microsoft Q&A group_count=1
"How do I resolve: I've upgraded kubernetes from 1.22.6 to 1.25.5, this required me to upgrade the ingress controller to latest version as it was incompatible before hand (1.1.2). As a result my connections to hosted applications failed with a gateway timeout?",Community,Troubleshooting,Medium,Microsoft Q&A group_count=1
What is Create inbound SNAT Rule?,Community,Procedural,Medium,Microsoft Q&A group_count=1
"How do I resolve: I have created a standard (external) load balancer however, I am unable to make connection using FTP, connection could not be established?",Community,Procedural,Medium,Microsoft Q&A group_count=1
What is Exposing web servers to internet in Azure?,Community,Conceptual,Medium,Microsoft Q&A group_count=1
How do I load balancing On Premises Layer 4 ports(smtp) with Azure VM?,Community,Procedural,Medium,Microsoft Q&A group_count=1
How to distribute traffic to applications running on multiple AKS clusters based on the URL context?,Community,Procedural,Medium,Microsoft Q&A group_count=1
How do I resolve: Unable to access IIS behind Basic Load Balancer?,Community,Procedural,Medium,Microsoft Q&A group_count=1
When the global load balancer will be generally available?,Community,Conceptual,Medium,Microsoft Q&A group_count=1
Is it possible to apply WAF for a TCP listener service running inside an AKS cluster?,Community,Conceptual,Medium,Microsoft Q&A group_count=1
how to get a server to talk out only on one firewall that is part of an Active Active group?,Community,Procedural,Medium,Microsoft Q&A group_count=1
How do I restrict user to only access cross regional load balancer IP and not child regional load balancer IPs?,Community,Procedural,Medium,Microsoft Q&A group_count=1
Can VMs in backend pool of load balancer have public IPs?,Community,Conceptual,Medium,Microsoft Q&A group_count=1
What is Default Container Apps Balancer algorithm?,Community,Conceptual,Medium,Microsoft Q&A group_count=1
How to check the Specific vm is part of Load balancer?,Community,Procedural,Medium,Microsoft Q&A group_count=1
What is Azure cloudflare DNS/CDN alternative?,Community,Conceptual,Medium,Microsoft Q&A group_count=1
How I can use Load Balancer as High availability setup?,Community,Fact-finding,Medium,Microsoft Q&A group_count=1
How do I i can't see the price of the load balancer standard size in the azure price caculator?,Community,Procedural,Medium,Microsoft Q&A group_count=1
What is Firewall recommended for Azure Static Web Apps?,Community,Decision-making,Medium,Microsoft Q&A group_count=1
How do I whitelist a single IP and restrict internet traffic to a web role at a Cloud Service extended support?,Community,Procedural,Medium,Microsoft Q&A group_count=1
How do I resolve: Azure basic_LB connectivity issue?,Community,Troubleshooting,Medium,Microsoft Q&A group_count=1
How do I to Evenly distribute incoming WEBSITE requests across a farm of Azure App VMs?,Community,Procedural,Medium,Microsoft Q&A group_count=1
What is VM scaleset with basic public loadbalancer?,Community,Conceptual,Medium,Microsoft Q&A group_count=1
What is Limits and right choice of load balancers?,Community,Conceptual,Medium,Microsoft Q&A group_count=1
How do I azure load balancer and internal IP of NVA?,Community,Procedural,Medium,Microsoft Q&A group_count=1
How do I resolve: VMSS automatic instance repairs doesn't work with Load balancers health probe?,Community,Procedural,Medium,Microsoft Q&A group_count=1
What is AKS outbound long running request hanging?,Community,Conceptual,Medium,Microsoft Q&A group_count=1
how to fail over from primary LB to secondary LB using traffic manager?,Community,Troubleshooting,Medium,Microsoft Q&A group_count=1
How to fix Load balancer and AKS connection issues?,Community,Troubleshooting,Medium,Microsoft Q&A group_count=1
How do I (2) AKS clusters front-ended by Azure Traffic Manager to quickly\easily recovery from a Kubernetes upgrade gone bad?,Community,Procedural,Medium,Microsoft Q&A group_count=1
Client to internal load balancer connectivity without public load balancer?,Community,Coding,Medium,Microsoft Q&A group_count=1
How big is Azure Load Balancer UDP idle timeout?,Community,Troubleshooting,Medium,Microsoft Q&A group_count=1
"two firewalls, two regions, internal load balancer and traffic flow for spokes using UDR.  How to protect for region outage?",Community,Procedural,Medium,Microsoft Q&A group_count=1
What is Number of Load balacing rule?,Community,Conceptual,Medium,Microsoft Q&A group_count=1
Is there any way of blocking access to a server via IP?,Community,Conceptual,Medium,Microsoft Q&A group_count=1
What is AzureLoadBalancer allow all traffic to vnet?,Community,Conceptual,Medium,Microsoft Q&A group_count=1
What is Azure 3-Tier Architecture routing?,Community,Conceptual,Medium,Microsoft Q&A group_count=1
How do I inbound and Outbound same direction - External Load balancer?,Community,Procedural,Medium,Microsoft Q&A group_count=1
What is AzureLoadBalancer?,Community,Conceptual,Medium,Microsoft Q&A group_count=1
App Gateway + Load Balancer - When to use them together ?,Community,Decision-making,Medium,Microsoft Q&A group_count=1
What is Load Balancer balancing behavior?,Community,Conceptual,Medium,Microsoft Q&A group_count=1
How do I gateway LB with iLB as a passthrough forcing all packets in/out through NVA?,Community,Procedural,Medium,Microsoft Q&A group_count=1
How do I resolve: failover of VPN gateway to next region using Traffic manager / Azure Global Load Balancer?,Community,Troubleshooting,Medium,Microsoft Q&A group_count=1
What is Azure Rest API for retail price?,Community,Conceptual,Medium,Microsoft Q&A group_count=1
How do I azure Hub and Spoke Topology - Where to locate VMs with Public IP?,Community,Procedural,Medium,Microsoft Q&A group_count=1
How do I azure load balancer backend pools stuck in Stopped (Deallocated) state?,Community,Procedural,Medium,Microsoft Q&A group_count=1
What is load balancer don't public website https?,Community,Conceptual,Medium,Microsoft Q&A group_count=1
How do I not able to add backend to the Load balancer?,Community,Procedural,Medium,Microsoft Q&A group_count=1
How do I aks load balancer with ip prefix and fixed public ip?,Community,Procedural,Medium,Microsoft Q&A group_count=1
How do I load Balancer is not sending CEF messages to Syslog Collectors received from Source but Sending Syslog messages?,Community,Procedural,Medium,Microsoft Q&A group_count=1
How do I resolve: Changing only the IP allocation method of Load Balancer Service in AKS doesn't work?,Community,Procedural,Medium,Microsoft Q&A group_count=1
What is Powershell script for exporting LB configuration?,Community,Coding,Medium,Microsoft Q&A group_count=1
Why is Load balancer only sending traffic to some healthy VMs?,Community,Conceptual,Medium,Microsoft Q&A group_count=1
How do I azure  vms are not able to fetch the Public IP address of the Public Load balancer?,Community,Procedural,Medium,Microsoft Q&A group_count=1
How do I resolve: Latency Issues with file uploads?,Community,Troubleshooting,Medium,Microsoft Q&A group_count=1
What is Question about free services?,Community,Conceptual,Medium,Microsoft Q&A group_count=1
How do I azure forcing to create a Standard LB instead of Basic LB?,Community,Procedural,Medium,Microsoft Q&A group_count=1
How to monitor traffic between each blade in Azure Load Balancer during load test?,Community,Procedural,Medium,Microsoft Q&A group_count=1
"How do I azure External Load balancer - Want to Add Outbound rule , but the ""Backend Pool"" blackout ?!! Not able to input it?",Community,Procedural,Medium,Microsoft Q&A group_count=1
how long azure ilb keep the session afinity if i enabled 3 tulple hashing?,Community,Procedural,Medium,Microsoft Q&A group_count=1
How does Load Balancer redirect request flow to HTTPS service?,Community,Conceptual,Medium,Microsoft Q&A group_count=1
What is DNS Internal Resolution public Ip?,Community,Conceptual,Medium,Microsoft Q&A group_count=1
How to access backend load balancer Vms with port 443?,Community,Procedural,Medium,Microsoft Q&A group_count=1
What is Azure environments?,Community,Conceptual,Medium,Microsoft Q&A group_count=1
Is there an azure service that is able to find an optimum connection to the server from two endpoints?,Community,Conceptual,Medium,Microsoft Q&A group_count=1
What is Probe interval tuning?,Community,Conceptual,Medium,Microsoft Q&A group_count=1
How do I nAT Gateway Configuration for azure Internal load balancer?,Community,Procedural,Medium,Microsoft Q&A group_count=1
How do I azure Front Door: How to handle private links to multiple origins on VMs?,Community,Procedural,Medium,Microsoft Q&A group_count=1
How to create cloned/duplicated networks with same IP Addresses?,Community,Procedural,Medium,Microsoft Q&A group_count=1
How do I update annotation azure-dns-label-name of azure load balance service?,Community,Procedural,Medium,Microsoft Q&A group_count=1
How do I resolve: Unable to add Health probe to a Classic LoadBalancer when deployed to Cloud Service (extended support)?,Community,Procedural,Medium,Microsoft Q&A group_count=1
How could I let azure ecmp inbound traffic from internet to mulitple VMs?,Community,Conceptual,Medium,Microsoft Q&A group_count=1
How to assign public IP address from old cluster to new cluster?,Community,Procedural,Medium,Microsoft Q&A group_count=1
Is Azure Load balancer act like reverse proxy?,Community,Conceptual,Medium,Microsoft Q&A group_count=1
How do I resolve: Best option to achieve failover for Internal Applications (not exposed to Internet)?,Community,Troubleshooting,Medium,Microsoft Q&A group_count=1
How do I azure Internal(Private) Load Balancer does not seem to process/forward the IP Fragmented packets received over UDP Transport?,Community,Procedural,Medium,Microsoft Q&A group_count=1
What is Port 0 in Load Balancer?,Community,Conceptual,Medium,Microsoft Q&A group_count=1
How do I resolve: Session Related issue while using Load Balancer?,Community,Troubleshooting,Medium,Microsoft Q&A group_count=1
What is Azure Load Balancer HTTP health probe method?,Community,Conceptual,Medium,Microsoft Q&A group_count=1
What is Loadbalancer for backend Services secured with SSL?,Community,Conceptual,Medium,Microsoft Q&A group_count=1
How do I azure Load Balancer-Private Endpoint configuration questions?,Community,Procedural,Medium,Microsoft Q&A group_count=1
How do I azure Load Balancer to Check if HTTP Response Has No Status Code?,Community,Procedural,Medium,Microsoft Q&A group_count=1
Can virtual machine scale sets without inbound NAT rules?,Community,Conceptual,Medium,Microsoft Q&A group_count=1
What is Azure Service High Availabitlity in Switzerland?,Community,Conceptual,Medium,Microsoft Q&A group_count=1
How to push azure load balancer logs to storage account?,Community,Procedural,Medium,Microsoft Q&A group_count=1
VM default outbound access blocked if another VM has explicit outbound configured?,Community,Procedural,Medium,Microsoft Q&A group_count=1
What is SSH Access Through Azure LB?,Community,Conceptual,Medium,Microsoft Q&A group_count=1
What is Application Gateway - active and passive?,Community,Conceptual,Medium,Microsoft Q&A group_count=1
What is Load balancer not forwarding port?,Community,Conceptual,Medium,Microsoft Q&A group_count=1
How do I need to monitor some resources?,Community,Procedural,Medium,Microsoft Q&A group_count=1
How do I .NET 4.8 | SignalR connection to server behind Load balancer | On Premise?,Community,Procedural,Medium,Microsoft Q&A group_count=1
What is Azure Networking?,Community,Conceptual,Medium,Microsoft Q&A group_count=1
How do I can't ping Availability Group cluster IP from passive node in Alwyas On AG SQL Cluster in Azure?,Community,Procedural,Medium,Microsoft Q&A group_count=1
How do I load balancer does not resolve when creating Service object?,Community,Procedural,Medium,Microsoft Q&A group_count=1
How do I forward packages from one load balancer to another load balancer?,Community,Procedural,Medium,Microsoft Q&A group_count=1
What is Azure External LB - HA ports?,Community,Conceptual,Medium,Microsoft Q&A group_count=1
What is Location of resources?,Community,Conceptual,Medium,Microsoft Q&A group_count=1
How do I two VMs are attached to LB and one is down then how you will manage user request to reduse Slowness?,Community,Procedural,Medium,Microsoft Q&A group_count=1
What is Azure ilb ipv6?,Community,Conceptual,Medium,Microsoft Q&A group_count=1
How do I support for tls v1.3 for App Services?,Community,Procedural,Medium,Microsoft Q&A group_count=1
Can I configure Same VIP with same subnet of VM on Same VPC?,Community,Procedural,Medium,Microsoft Q&A group_count=1
How do I shutting down application that is served behind Azure LB gracefully?,Community,Procedural,Medium,Microsoft Q&A group_count=1
How do I resolve: Cannot configure VMSS with network interfaces with public ip and backend pool with outbound rules. Please remove one of them to continue?,Community,Procedural,Medium,Microsoft Q&A group_count=1
How do I resolve: error: http2: client connection lost for azure kubernetes service?,Community,Troubleshooting,Medium,Microsoft Q&A group_count=1
How do I site-to-Site VPN with VNET Gateway between two Azure stacks?,Community,Procedural,Medium,Microsoft Q&A group_count=1
How do I resolve: Always On VPN - Issues authenticating to on-prem resources from AAD Join machines?,Community,Troubleshooting,Medium,Microsoft Q&A group_count=1
What is Active Passive with private IPs?,Community,Conceptual,Medium,Microsoft Q&A group_count=1
What is Loadbalancer got automatically rebooted?,Community,Conceptual,Medium,Microsoft Q&A group_count=1
What is Cross-region loadbalancer in Sweden?,Community,Fact-finding,Medium,Microsoft Q&A group_count=1
Is it possible to make a call to an azure app service inside a vnet from azure ad b2c?,Community,Conceptual,Medium,Microsoft Q&A group_count=1
What is Azure load balancer logs?,Community,Conceptual,Medium,Microsoft Q&A group_count=1
"What is Azure VMs, Monitoring and Load Balancing?",Community,Conceptual,Medium,Microsoft Q&A group_count=1
Best practice in publishing Remote Desktop access or Terminal server to Internet via Azure ?,Community,Decision-making,Medium,Microsoft Q&A group_count=1
How do I expose private link HTTPS and Non HTTPS ports from NGFW LB Sandwich?,Community,Procedural,Medium,Microsoft Q&A group_count=1
How do I load balancing between mine and azure servers?,Community,Procedural,Medium,Microsoft Q&A group_count=1
What is Load Balancing App Services?,Community,Conceptual,Medium,Microsoft Q&A group_count=1
How to make HTTP(S) Load Balancer health probes accept status 204 as healthy?,Community,Procedural,Medium,Microsoft Q&A group_count=1
How do I mS Teams Direct routing multiple ports with inbound rule on external LB?,Community,Procedural,Medium,Microsoft Q&A group_count=1
How do I public ip prefix to point to an H-A NVA using External load balancer?,Community,Procedural,Medium,Microsoft Q&A group_count=1
What is Export the list of health probes?,Community,Conceptual,Medium,Microsoft Q&A group_count=1
How do I in a typical load balancer scenario if any backend server is getting crashed or disconnected?,Community,Procedural,Medium,Microsoft Q&A group_count=1
How do I resolve: Create a BastionHost for a Public Load Balancer failed?,Community,Troubleshooting,Medium,Microsoft Q&A group_count=1
How do I azure Traffic Manager - Gurantee Specific VM Routing?,Community,Procedural,Medium,Microsoft Q&A group_count=1
"Is there a Traffic Manager type solution for internal TCP resources, other then HTTP(S)?",Community,Conceptual,Medium,Microsoft Q&A group_count=1
What is public loadbalancer outbound rules showing 0 instance?,Community,Conceptual,Medium,Microsoft Q&A group_count=1
Is it possible to share the IP Address across different services using Azure LB?,Community,Procedural,Medium,Microsoft Q&A group_count=1
How do I the Load Balancer/Application Gateway does not show the resource groups created?,Community,Procedural,Medium,Microsoft Q&A group_count=1
Is Azure Internal load balancer for sql always on WSFC virtual name required?,Community,Conceptual,Medium,Microsoft Q&A group_count=1
How do I restrciting wild card domains on azure app service?,Community,Procedural,Medium,Microsoft Q&A group_count=1
What is Securely accepting internet TCP connections?,Community,Conceptual,Medium,Microsoft Q&A group_count=1
How do I internet Traffic Flow for Web App Server in multi region and placement of Azure Traffic manager & NVA & App Gateway?,Community,Procedural,Medium,Microsoft Q&A group_count=1
Azure Loadbalancer: Can the Virtual Machines in BackendPool retain public IP?,Community,Conceptual,Medium,Microsoft Q&A group_count=1
What is Azure Load Balancer multiple frontend?,Community,Conceptual,Medium,Microsoft Q&A group_count=1
What is Azure Load Balancer Features?,Community,Conceptual,Medium,Microsoft Q&A group_count=1
How do I my aks cluster reported: Load balancer:Degraded : Unavailable (Unplanned)?,Community,Procedural,Medium,Microsoft Q&A group_count=1
How do I azure Load balancer - Azure VM Connection Limit?,Community,Procedural,Medium,Microsoft Q&A group_count=1
What is å¦ä½ç»åazure app proxyä»¥å azure load balancerè¿è¡åºç¨ä»£ç?,Community,Conceptual,Medium,Microsoft Q&A group_count=1
How do I internal Load Balancer maintain session hash between multiple front-end IPs?,Community,Procedural,Medium,Microsoft Q&A group_count=1
How do I passive FTP need port range in load balancer rule?,Community,Procedural,Medium,Microsoft Q&A group_count=1
What is Logical firewall between load balancer and VMs?,Community,Conceptual,Medium,Microsoft Q&A group_count=1
How do I resolve: Load balancer access problem?,Community,Procedural,Medium,Microsoft Q&A group_count=1
How do I resolve: Cannot get a load balencer to work?,Community,Procedural,Medium,Microsoft Q&A group_count=1
What is Redirect URLS for QR scan counting?,Community,Conceptual,Medium,Microsoft Q&A group_count=1
Are there metrics available to see the requests per second and latency for a Load Balancer?,Community,Conceptual,Medium,Microsoft Q&A group_count=1
How do I azure CLI - Can't find target VM information?,Community,Procedural,Medium,Microsoft Q&A group_count=1
How do I aKS change Public IP address and lost connectivity?,Community,Procedural,Medium,Microsoft Q&A group_count=1
Cross-region Load Balancer appears to drop UDP traffic?,Community,Fact-finding,Medium,Microsoft Q&A group_count=1
What is Task 5: Implement Azure Load Balancer?,Community,Conceptual,Medium,Microsoft Q&A group_count=1
What is Load balancer public IP is not resolving?,Community,Conceptual,Medium,Microsoft Q&A group_count=1
Can I use a Basic Load Balancer on an AKS 2 node cluster used for learning to SAVE MONEY in my VS Professional account?,Community,Decision-making,Medium,Microsoft Q&A group_count=1
How do we setup an AVD Environment to use a known Public Static IP.  Azure Virtual Desktop?,Community,Conceptual,Medium,Microsoft Q&A group_count=1
What is Load Balancer of Load Balancers?,Community,Conceptual,Medium,Microsoft Q&A group_count=1
How do I resolve: Cannot ping SQl listener outside primary sql server?,Community,Procedural,Medium,Microsoft Q&A group_count=1
How do I resolve: Unable to access my Web Site through Load balancer?,Community,Procedural,Medium,Microsoft Q&A group_count=1
How do I resolve: IP issues with Azure Kubernetes Service Load Balancer over UDP?,Community,Troubleshooting,Medium,Microsoft Q&A group_count=1
Which load balancer supports the performance based rounting?,Community,Decision-making,Medium,Microsoft Q&A group_count=1
Backend pool configuration âby NICâ vs âIPââdifference?,Community,Decision-making,Medium,Microsoft Q&A group_count=1
How do I acess an Azure VM behind the Azure LB?,Community,Procedural,Medium,Microsoft Q&A group_count=1
"How do I my DNS has resolved, but my site won't serve?",Community,Procedural,Medium,Microsoft Q&A group_count=1
What is Azure HA Configuration Load Balancing Help?,Community,Conceptual,Medium,Microsoft Q&A group_count=1
What is azure load balancer access log requests?,Community,Conceptual,Medium,Microsoft Q&A group_count=1
How do I resolve: Failover - Availabilty through one IP Adress at remote destination?,Community,Troubleshooting,Medium,Microsoft Q&A group_count=1
Where to Search the Azure Application Gateway Usage and Speed?,Community,Conceptual,Medium,Microsoft Q&A group_count=1
What is load balance and weblogic t3 protocol?,Community,Conceptual,Medium,Microsoft Q&A group_count=1
Is it possible to add more than 300 rules for load balancer?,Community,Procedural,Medium,Microsoft Q&A group_count=1
What is Multiple vnet interface on AKS Loadbalancer?,Community,Conceptual,Medium,Microsoft Q&A group_count=1
How do I create a internal standard load balancer with HA ports in Azure using ARM template?,Community,Procedural,Medium,Microsoft Q&A group_count=1
How do I azure Load Balancing Solutions to Replace OnPrem Setup and Functionality?,Community,Procedural,Medium,Microsoft Q&A group_count=1
How do I deploying Mediasoup-WebRTC application on azure?,Community,Procedural,Medium,Microsoft Q&A group_count=1
How do I not able to add servers on backend pool?,Community,Procedural,Medium,Microsoft Q&A group_count=1
Is it possible to specify which multi-ports can be put on an Azure load balancer?,Community,Decision-making,Medium,Microsoft Q&A group_count=1
How do I azure Front Door Backed Pool Type || Azure Load Balancer?,Community,Procedural,Medium,Microsoft Q&A group_count=1
How do I resolve: Unable to telnet through internal load balancer?,Community,Procedural,Medium,Microsoft Q&A group_count=1
How do I load Balancer is not connecting to VM Scale set Instance?,Community,Procedural,Medium,Microsoft Q&A group_count=1
Is Active-standby configuration possible with Azure loadbalancer?,Community,Conceptual,Medium,Microsoft Q&A group_count=1
What is Load balancing port forwarding?,Community,Conceptual,Medium,Microsoft Q&A group_count=1
What is Ipv6 LoadBalancer Azure?,Community,Conceptual,Medium,Microsoft Q&A group_count=1
How do I azure Loadbancer can't reach from the backend VM?,Community,Procedural,Medium,Microsoft Q&A group_count=1
How to target nodes (Nodepool) for the internal loadbalancer?,Community,Procedural,Medium,Microsoft Q&A group_count=1
How do I alert when loadBalancers has VIP Availability less than 65 over 15 mins?,Community,Procedural,Medium,Microsoft Q&A group_count=1
How to preserve AKS outbound rule changes when AKS version upgrade?,Community,Procedural,Medium,Microsoft Q&A group_count=1
How do I site is not accessbile using loadbalancer Ip / name?,Community,Procedural,Medium,Microsoft Q&A group_count=1
What is Azure load balancer not distriburting traffic evenly?,Community,Conceptual,Medium,Microsoft Q&A group_count=1
how to check backend server status in loadbalencer?,Community,Procedural,Medium,Microsoft Q&A group_count=1
How do I load balancer configured with two ports but can only able to browse site on one port on another port not able to browse?,Community,Procedural,Medium,Microsoft Q&A group_count=1
What is Load Balancer availability status shows unknown?,Community,Fact-finding,Medium,Microsoft Q&A group_count=1
How to get public IP address name from load balancer Frontend IP configuration using Microsoft Azure Management Network Fluent API?,Community,Procedural,Medium,Microsoft Q&A group_count=1
Is ingress-nginx really a load balancer or not?,Community,Conceptual,Medium,Microsoft Q&A group_count=1
What is loadbalancer backend configuration?,Community,Conceptual,Medium,Microsoft Q&A group_count=1
How do I multi-Domain Azure Load Balancer using 1 public IP address?,Community,Procedural,Medium,Microsoft Q&A group_count=1
How do I uDR seems not to work for internal load balancer traffic?,Community,Procedural,Medium,Microsoft Q&A group_count=1
Can you recommend me a network model for a webapp using reactjs and springboot?,Community,Decision-making,Medium,Microsoft Q&A group_count=1
How do I resolve: unable to communicate with the backend pool with internal load balancer?,Community,Procedural,Medium,Microsoft Q&A group_count=1
How to create new backend address pool for existing load balancer usingazure arm template?,Community,Procedural,Medium,Microsoft Q&A group_count=1
How to get azure load balancer list based on internal or public type using Fluent API?,Community,Procedural,Medium,Microsoft Q&A group_count=1
How do I resolve: Problem creating an Azure Internal Load Balancer with networking in a different resource group?,Community,Procedural,Medium,Microsoft Q&A group_count=1
will configuring load balancer solves the application read time out issue?,Community,Troubleshooting,Medium,Microsoft Q&A group_count=1
How to get VirtualNetwork name from  virtual machine which is attached in Load balancer Backend pool using Microsoft Azure Management Network Fluent?,Community,Procedural,Medium,Microsoft Q&A group_count=1
Why basic load balancer has no metrics?,Community,Conceptual,Medium,Microsoft Q&A group_count=1
How to add Application gateway Ip address in Loadbalacner backend pool?,Community,Procedural,Medium,Microsoft Q&A group_count=1
How do I iP-based session affinity is not maintained by the Load Balancer when Application Gateway is used in front of it?,Community,Procedural,Medium,Microsoft Q&A group_count=1
How do I way to distribute traffic between two Internal Load Balancers?,Community,Procedural,Medium,Microsoft Q&A group_count=1
What is Recommendation for pool member?,Community,Decision-making,Medium,Microsoft Q&A group_count=1
"Does Azure LB honor the subnet routes? If not, how can we force Azure LB to take a route to reach its backend pool server?",Community,Conceptual,Medium,Microsoft Q&A group_count=1
How do I response time Gateway for Application Gateway and Traffic Manager?,Community,Procedural,Medium,Microsoft Q&A group_count=1
How do I adding a private network behind hub and spoke?,Community,Procedural,Medium,Microsoft Q&A group_count=1
How do I vM In Azure VMScaleSet ( VMSS) do not have Internet access?,Community,Procedural,Medium,Microsoft Q&A group_count=1
What is Load Balancer over Gobal VNet Peering?,Community,Conceptual,Medium,Microsoft Q&A group_count=1
How do I connect Classic Load Balancer to ARM Load Balancer for ADFS Cutover?,Community,Procedural,Medium,Microsoft Q&A group_count=1
How do I resolve: Issue with connectivity for Azure SQL VM?,Community,Troubleshooting,Medium,Microsoft Q&A group_count=1
What is health probe for load balancer?,Community,Conceptual,Medium,Microsoft Q&A group_count=1
Why peering would not be advised if I have services behind basic LB?,Community,Conceptual,Medium,Microsoft Q&A group_count=1
What is Azure Load Balancer Health Probe stuck updating?,Community,Conceptual,Medium,Microsoft Q&A group_count=1
How do I resolve: Unable to segregate cost per client in AKS?,Community,Procedural,Medium,Microsoft Q&A group_count=1
Session persistence more than 30min?,Community,Conceptual,Medium,Microsoft Q&A group_count=1
AKS cluster Load Balancer SKU by default is Basic or Standard?,Community,Conceptual,Medium,Microsoft Q&A group_count=1
How do I resolve: Azure load balancer health probe not working?,Community,Troubleshooting,Medium,Microsoft Q&A group_count=1
What is disableoutboundsnat?,Community,Conceptual,Medium,Microsoft Q&A group_count=1
Does Azure (Standard) load-balancing require two or more nodes in backend pool?,Community,Conceptual,Medium,Microsoft Q&A group_count=1
What is Bastion Host on Azure?,Community,Conceptual,Medium,Microsoft Q&A group_count=1
Can i use Azure Load Balancer for below scenario? If yes what is the cost incured? or if not which load balacing solution suits and its cost?,Community,Decision-making,Medium,Microsoft Q&A group_count=1
How do I resolve: Calling azure loadbalanacer rest api gives 403 forbidden error?,Community,Troubleshooting,Medium,Microsoft Q&A group_count=1
Azure-ILB for Multiple IaaS SQL FCI sharing a host - how to correctly set up rules?,Community,Procedural,Medium,Microsoft Q&A group_count=1
How to setup Azure Load balancer in active active WSFC FCI?,Community,Procedural,Medium,Microsoft Q&A group_count=1
What is IPv4 and IPv6 on External LoadBalancer?,Community,Conceptual,Medium,Microsoft Q&A group_count=1
How do I basic networking qu with Azure Firewall and load balancer?,Community,Procedural,Medium,Microsoft Q&A group_count=1
How do I blocking inbound access to a VM with a public IP association that is ALSO behind a load balancer?,Community,Procedural,Medium,Microsoft Q&A group_count=1
How do I load Balancing for the web Apps in Azure?,Community,Procedural,Medium,Microsoft Q&A group_count=1
Can you have a public IP to an Internal Load balancer?,Community,Conceptual,Medium,Microsoft Q&A group_count=1
Is an Internal Load Balancer zone redundant?,Community,Conceptual,Medium,Microsoft Q&A group_count=1
"How do I azure Function response times out, and tcp connection is reset (closed) before all content is received?",Community,Procedural,Medium,Microsoft Q&A group_count=1
